We	O
have	O
to	O
be	O
at	O
the	O
rendezvous	O
point	O
before	O
zero	B-IDIOM
hour	I-IDIOM
This	O
design	O
is	O
neither	B-IDIOM
fish	I-IDIOM
nor	I-IDIOM
fowl	I-IDIOM
;	O
it's	O
completely	O
unoriginal	O
You	O
forgot	O
the	O
keys	O
,	O
but	O
never	B-IDIOM
mind	I-IDIOM
,	O
I	O
have	O
a	O
spare	O
He	O
sold	O
his	O
old	O
car	O
for	O
next	B-IDIOM
to	I-IDIOM
nothing	I-IDIOM
Nine	B-IDIOM
times	I-IDIOM
out	I-IDIOM
of	I-IDIOM
ten	I-IDIOM
,	O
she	O
arrives	O
right	O
on	O
schedule	O
She	O
was	O
tired	O
of	O
the	O
daily	O
nine	B-IDIOM
to	I-IDIOM
five	I-IDIOM
grind	O
He	O
may	O
be	O
a	O
bit	O
older	O
,	O
but	O
he	O
is	O
no	B-IDIOM
spring	I-IDIOM
chicken	I-IDIOM
I	O
didn	O
't	O
believe	O
his	O
excuse	O
,	O
not	B-IDIOM
for	I-IDIOM
a	I-IDIOM
minute	I-IDIOM
Would	O
I	O
ever	O
do	O
that	O
?	O
Not	B-IDIOM
in	I-IDIOM
a	I-IDIOM
million	I-IDIOM
years	I-IDIOM
We	O
have	O
to	O
make	O
this	O
decision	O
now	O
,	O
it	O
's	O
now	B-IDIOM
or	I-IDIOM
never	I-IDIOM
As	O
far	O
as	O
I	O
'm	O
concerned	O
,	O
that	O
issue	O
is	O
dead	B-IDIOM
and	I-IDIOM
buried	I-IDIOM
If	O
you	O
tell	O
anyone	O
our	O
secret	O
,	O
you	O
are	O
dead	B-IDIOM
meat	I-IDIOM
You	O
were	O
dead	B-IDIOM
right	I-IDIOM
about	O
the	O
traffic	O
on	O
this	O
highway	O
I	O
am	O
dead	B-IDIOM
serious	I-IDIOM
about	O
quitting	O
my	O
job	O
if	O
things	O
don	O
't	O
improve	O
After	O
the	O
marathon	O
,	O
he	O
was	O
dead	B-IDIOM
to	I-IDIOM
the	I-IDIOM
world	I-IDIOM
for	O
twelve	O
hours	O
The	O
new	O
CEO	O
's	O
first	O
task	O
was	O
to	O
cut	O
out	O
the	O
dead	B-IDIOM
wood	I-IDIOM
Driving	O
that	O
fast	O
on	O
an	O
icy	O
road	O
is	O
dicing	B-IDIOM
with	I-IDIOM
death	I-IDIOM
She	O
always	O
gets	O
me	O
to	O
do	O
the	O
dirty	B-IDIOM
work	I-IDIOM
for	O
her	O
projects	O
That	O
particular	O
argument	O
has	O
been	O
done	B-IDIOM
to	I-IDIOM
death	I-IDIOM
in	O
the	O
media	O
Getting	O
this	O
job	O
was	O
a	O
dream	B-IDIOM
come	I-IDIOM
true	I-IDIOM
for	O
me	O
Many	O
voters	O
saw	O
the	O
two	O
candidates	O
as	O
the	O
dream	B-IDIOM
ticket	I-IDIOM
They	O
went	O
to	O
the	O
gala	O
dressed	B-IDIOM
up	I-IDIOM
to	I-IDIOM
the	I-IDIOM
nines	I-IDIOM
Finishing	O
the	O
report	O
by	O
the	O
deadline	O
was	O
a	O
race	B-IDIOM
against	I-IDIOM
time	I-IDIOM
Her	O
story	O
is	O
a	O
classic	O
rags	B-IDIOM
to	I-IDIOM
riches	I-IDIOM
tale	O
I	O
'll	O
be	O
at	O
the	O
game	O
,	O
rain	B-IDIOM
or	I-IDIOM
shine	I-IDIOM
The	O
security	O
guard	O
caught	O
the	O
shoplifter	O
red	B-IDIOM
handed	I-IDIOM
The	O
company	O
is	O
drowning	O
in	O
red	B-IDIOM
ink	I-IDIOM
after	O
a	O
disastrous	O
year	O
A	O
good	O
night	O
's	O
sleep	O
and	O
I	O
'll	O
be	O
right	B-IDIOM
as	I-IDIOM
rain	I-IDIOM
The	O
entire	O
system	O
needs	O
to	O
be	O
reformed	O
root	B-IDIOM
and	I-IDIOM
branch	I-IDIOM
He	O
's	O
having	O
a	O
rough	B-IDIOM
time	I-IDIOM
at	O
his	O
new	O
school	O
There	O
has	O
been	O
bad	B-IDIOM
blood	I-IDIOM
between	O
them	O
for	O
years	O
After	O
his	O
long	O
illness	O
,	O
he	O
was	O
just	O
a	O
bag	B-IDIOM
of	I-IDIOM
bones	I-IDIOM
The	O
experienced	O
negotiator	O
had	O
a	O
whole	O
bag	B-IDIOM
of	I-IDIOM
tricks	I-IDIOM
Her	O
first	O
day	O
on	O
the	O
trading	O
floor	O
was	O
a	O
real	O
baptism	B-IDIOM
of	I-IDIOM
fire	I-IDIOM
How	O
did	O
he	O
solve	O
the	O
puzzle	O
so	O
quickly	O
?	O
Beats	B-IDIOM
me	I-IDIOM
The	O
notorious	O
criminal	O
will	O
spend	O
the	O
rest	O
of	O
his	O
life	O
behind	B-IDIOM
bars	I-IDIOM
The	O
decision	O
was	O
made	O
behind	B-IDIOM
closed	I-IDIOM
doors	I-IDIOM
My	O
new	O
car	O
has	O
all	O
the	O
bells	B-IDIOM
and	I-IDIOM
whistles	I-IDIOM
In	O
the	O
ship	O
's	O
rigid	O
hierarchy	O
,	O
junior	O
sailors	O
were	O
seated	O
below	B-IDIOM
the	I-IDIOM
salt	I-IDIOM
The	O
patient	O
hovered	O
between	B-IDIOM
life	I-IDIOM
and	I-IDIOM
death	I-IDIOM
for	O
three	O
days	O
Her	O
generosity	O
is	O
beyond	B-IDIOM
words	I-IDIOM
He	O
made	O
big	B-IDIOM
bucks	I-IDIOM
working	O
in	O
the	O
tech	O
industry	O
Don't	O
worry	O
about	O
it	O
,	O
it	O
's	O
no	O
big	B-IDIOM
deal	I-IDIOM
He	O
was	O
beaten	O
black	B-IDIOM
and	I-IDIOM
blue	I-IDIOM
by	O
the	O
thugs	O
He	O
chose	O
to	O
help	O
his	O
cousin	O
over	O
his	O
friend	O
because	O
blood	B-IDIOM
is	I-IDIOM
thicker	I-IDIOM
than	I-IDIOM
water	I-IDIOM
The	O
announcement	O
of	O
his	O
resignation	O
came	O
as	O
a	O
bolt	B-IDIOM
from	I-IDIOM
the	I-IDIOM
blue	I-IDIOM
Her	O
youngest	O
child	O
is	O
as	O
bright	B-IDIOM
as	I-IDIOM
a	I-IDIOM
button	I-IDIOM
The	O
factory	O
assembled	O
the	O
products	O
by	B-IDIOM
the	I-IDIOM
numbers	I-IDIOM
,	O
without	O
any	O
creativity	O
Sooner	O
or	O
later	O
,	O
you	O
will	O
have	O
to	O
face	B-IDIOM
the	I-IDIOM
music	I-IDIOM
He	O
seemed	O
so	O
honest	O
that	O
I	O
didn	O
't	O
think	O
I	O
would	O
fall	B-IDIOM
for	I-IDIOM
it	I-IDIOM
The	O
politician	O
's	O
fall	B-IDIOM
from	I-IDIOM
grace	I-IDIOM
was	O
swift	O
after	O
the	O
scandal	O
broke	O
His	O
lecture	O
provided	O
some	O
interesting	O
food	B-IDIOM
for	I-IDIOM
thought	I-IDIOM
I	O
bought	O
this	O
beautiful	O
painting	O
for	B-IDIOM
a	I-IDIOM
song	I-IDIOM
You	O
couldn	O
't	O
get	O
a	O
ticket	O
for	B-IDIOM
love	I-IDIOM
nor	I-IDIOM
money	I-IDIOM
His	O
personality	O
was	O
larger	B-IDIOM
than	I-IDIOM
life	I-IDIOM
I	O
know	O
you	O
are	O
angry	O
,	O
but	O
it	O
is	O
best	O
to	O
let	B-IDIOM
sleeping	I-IDIOM
dogs	I-IDIOM
lie	I-IDIOM
He	O
's	O
a	O
bit	O
long	B-IDIOM
in	I-IDIOM
the	I-IDIOM
tooth	I-IDIOM
to	O
be	O
starting	O
a	O
new	O
career	O
She	O
viewed	O
the	O
world	O
as	O
a	O
vale	B-IDIOM
of	I-IDIOM
tears	I-IDIOM
Doing	O
all	O
this	O
paperwork	O
is	O
a	O
real	O
pain	B-IDIOM
in	I-IDIOM
the	I-IDIOM
neck	I-IDIOM
With	O
her	O
glowing	O
skin	O
,	O
she	O
was	O
the	O
picture	B-IDIOM
of	I-IDIOM
health	I-IDIOM
It	O
was	O
poetic	B-IDIOM
justice	I-IDIOM
when	O
the	O
greedy	O
landlord	O
was	O
finally	O
audited	O
The	O
ballerina	O
's	O
performance	O
was	O
poetry	B-IDIOM
in	I-IDIOM
motion	I-IDIOM
I	O
can't	O
talk	O
now	O
,	O
I	O
'm	O
too	O
pressed	B-IDIOM
for	I-IDIOM
time	I-IDIOM
The	O
children	O
arrived	O
home	O
safe	B-IDIOM
and	I-IDIOM
sound	I-IDIOM
after	O
the	O
storm	O
They	O
decided	O
to	O
travel	O
in	O
a	O
group	O
,	O
believing	O
there	O
was	O
safety	B-IDIOM
in	I-IDIOM
numbers	I-IDIOM
My	O
grandfather	O
is	O
the	O
salt	B-IDIOM
of	I-IDIOM
the	I-IDIOM
earth	I-IDIOM
and	O
would	O
help	O
anyone	O
Fresh	O
milk	O
has	O
a	O
very	O
short	O
shelf	B-IDIOM
life	I-IDIOM
It	O
's	O
a	O
tough	O
market	O
;	O
new	O
businesses	O
have	O
to	O
sink	B-IDIOM
or	I-IDIOM
swim	I-IDIOM
The	O
abandoned	O
puppy	O
was	O
nothing	O
but	O
skin	B-IDIOM
and	I-IDIOM
bones	I-IDIOM
The	O
film	O
offers	O
a	O
fascinating	O
slice	B-IDIOM
of	I-IDIOM
life	I-IDIOM
in	O
rural	O
Japan	O
They	O
use	O
state	B-IDIOM
of	I-IDIOM
the	I-IDIOM
art	I-IDIOM
technology	O
in	O
their	O
products	O
I	O
can	O
't	O
go	O
out	O
tonight	O
,	O
I	O
'm	O
completely	O
strapped	B-IDIOM
for	I-IDIOM
cash	I-IDIOM
This	O
cold	O
drink	O
is	O
just	B-IDIOM
what	I-IDIOM
the	I-IDIOM
doctor	I-IDIOM
ordered	I-IDIOM
on	O
a	O
hot	O
day	O
He	O
was	O
arrested	O
for	O
living	O
off	O
his	O
ill	B-IDIOM
-gotten	I-IDIOM
gains	I-IDIOM
He	O
wandered	O
around	O
in	B-IDIOM
a	I-IDIOM
fog	I-IDIOM
for	O
days	O
after	O
the	O
accident	O
To	O
put	O
it	O
in	B-IDIOM
a	I-IDIOM
nutshell	I-IDIOM
,	O
the	O
project	O
was	O
a	O
disaster	O
The	O
old	O
car	O
is	O
in	B-IDIOM
bad	I-IDIOM
shape	I-IDIOM
and	O
needs	O
major	O
repairs	O
The	O
crime	O
was	O
committed	O
in	B-IDIOM
cold	I-IDIOM
blood	I-IDIOM
He	O
is	O
the	O
company	O
director	O
in	B-IDIOM
name	I-IDIOM
only	I-IDIOM
;	O
his	O
wife	O
makes	O
all	O
the	O
decisions	O
Don	O
't	O
worry	O
,	O
the	O
victory	O
is	O
in	B-IDIOM
the	I-IDIOM
bag	I-IDIOM
My	O
grandmother	O
is	O
ninety	O
but	O
is	O
still	O
in	B-IDIOM
the	I-IDIOM
best	I-IDIOM
of	I-IDIOM
health	I-IDIOM
It	O
all	O
happened	O
in	B-IDIOM
the	I-IDIOM
blink	I-IDIOM
of	I-IDIOM
an	I-IDIOM
eye	I-IDIOM
In	B-IDIOM
the	I-IDIOM
cold	I-IDIOM
light	I-IDIOM
of	I-IDIOM
day	I-IDIOM
,	O
I	O
realized	O
I	O
had	O
made	O
a	O
mistake	O
The	O
accused	O
man	O
stood	O
in	B-IDIOM
the	I-IDIOM
dock	I-IDIOM
awaiting	O
the	O
verdict	O
In	B-IDIOM
the	I-IDIOM
eyes	I-IDIOM
of	I-IDIOM
the	I-IDIOM
law	I-IDIOM
,	O
he	O
is	O
innocent	O
until	O
proven	O
guilty	O
She	O
confided	O
in	O
her	O
mother	O
that	O
she	O
was	O
in	B-IDIOM
the	I-IDIOM
family	I-IDIOM
way	I-IDIOM
The	O
ambulance	O
arrived	O
in	B-IDIOM
the	I-IDIOM
nick	I-IDIOM
of	I-IDIOM
time	I-IDIOM
He	O
has	O
been	O
in	B-IDIOM
the	I-IDIOM
pink	I-IDIOM
ever	O
since	O
he	O
retired	O
We	O
are	O
all	O
in	B-IDIOM
the	I-IDIOM
same	I-IDIOM
boat	I-IDIOM
with	O
these	O
budget	O
cuts	O
Several	O
new	O
regulations	O
were	O
introduced	O
in	B-IDIOM
the	I-IDIOM
wake	I-IDIOM
of	I-IDIOM
the	O
scandal	O
When	O
I	O
'm	O
writing	O
code	O
,	O
I	O
can	O
really	O
get	O
in	B-IDIOM
the	I-IDIOM
zone	I-IDIOM
After	O
two	O
years	O
in	O
the	O
same	O
job	O
,	O
she	O
started	O
to	O
get	O
itchy	B-IDIOM
feet	I-IDIOM
We	O
spent	O
our	O
holiday	O
under	B-IDIOM
canvas	I-IDIOM
in	O
the	O
national	O
park	O
The	O
new	O
bridge	O
is	O
still	O
under	B-IDIOM
construction	I-IDIOM
She	O
is	O
under	B-IDIOM
pressure	I-IDIOM
to	O
finish	O
the	O
project	O
by	O
Friday	O
We	O
visited	O
every	O
museum	O
under	B-IDIOM
the	I-IDIOM
sun	I-IDIOM
during	O
our	O
trip	O
He	O
was	O
making	O
illegal	O
payments	O
under	B-IDIOM
the	I-IDIOM
table	I-IDIOM
I	O
'm	O
feeling	O
a	O
bit	O
under	B-IDIOM
the	I-IDIOM
weather	I-IDIOM
today	O
He	O
submitted	O
his	O
application	O
just	O
under	B-IDIOM
the	I-IDIOM
wire	I-IDIOM
Our	O
travel	O
plans	O
are	O
still	O
up	B-IDIOM
in	I-IDIOM
the	I-IDIOM
air	I-IDIOM
You	O
're	O
tired	O
of	O
this	O
noise	O
?	O
That	B-IDIOM
makes	I-IDIOM
two	I-IDIOM
of	I-IDIOM
us	I-IDIOM
The	O
lawyer	O
followed	O
the	B-IDIOM
letter	I-IDIOM
of	I-IDIOM
the	I-IDIOM
law	I-IDIOM
precisely	O
The	O
real	O
decisions	O
are	O
made	O
by	O
the	B-IDIOM
men	I-IDIOM
in	I-IDIOM
grey	I-IDIOM
suits	I-IDIOM
The	O
judge	O
considered	O
the	B-IDIOM
spirit	I-IDIOM
of	I-IDIOM
the	I-IDIOM
law	I-IDIOM
when	O
making	O
her	O
decision	O
The	O
committee	O
gave	O
the	O
new	O
proposal	O
a	O
thumbs	B-IDIOM
down	I-IDIOM
My	O
boss	O
gave	O
me	O
the	O
thumbs	B-IDIOM
up	I-IDIOM
on	O
my	O
project	O
idea	O
They	O
say	O
that	O
time	B-IDIOM
flies	I-IDIOM
when	O
you	O
're	O
having	O
fun	O
In	O
the	O
business	O
world	O
,	O
time	B-IDIOM
is	I-IDIOM
money	I-IDIOM
She	O
has	O
complaining	O
down	B-IDIOM
to	I-IDIOM
a	I-IDIOM
fine	I-IDIOM
art	I-IDIOM
The	O
house	O
was	O
mortgaged	O
to	B-IDIOM
the	I-IDIOM
hilt	I-IDIOM
To	B-IDIOM
this	I-IDIOM
day	I-IDIOM
,	O
no	O
one	O
knows	O
what	O
happened	O
to	O
him	O
Sometimes	O
you	O
have	O
to	O
use	O
tough	B-IDIOM
love	I-IDIOM
with	O
your	O
children	O
He	O
can	O
't	O
afford	O
that	O
car	O
,	O
he	O
's	O
not	O
made	B-IDIOM
of	I-IDIOM
money	I-IDIOM
She	O
has	O
a	O
magic	B-IDIOM
touch	I-IDIOM
when	O
it	O
comes	O
to	O
gardening	O
There	O
is	O
no	O
magic	B-IDIOM
wand	I-IDIOM
to	O
solve	O
these	O
complex	O
problems	O
The	O
survey	O
aimed	O
to	O
understand	O
the	O
opinions	O
of	O
the	O
man	B-IDIOM
in	I-IDIOM
the	I-IDIOM
street	I-IDIOM
His	O
political	O
views	O
are	O
very	O
middle	B-IDIOM
of	I-IDIOM
the	I-IDIOM
road	I-IDIOM
Getting	O
paid	O
for	O
that	O
simple	O
task	O
was	O
money	B-IDIOM
for	I-IDIOM
old	I-IDIOM
rope	I-IDIOM
In	O
the	O
world	O
of	O
politics	O
,	O
money	B-IDIOM
talks	I-IDIOM
Our	O
new	O
product	O
launches	O
next	O
month	O
-	O
watch	B-IDIOM
this	I-IDIOM
space	I-IDIOM
The	O
thought	O
of	O
public	O
speaking	O
made	O
me	O
weak	B-IDIOM
at	I-IDIOM
the	I-IDIOM
knees	I-IDIOM
We	O
will	O
have	O
the	O
picnic	O
tomorrow	O
,	O
weather	B-IDIOM
permitting	I-IDIOM
She	O
turned	O
white	B-IDIOM
as	I-IDIOM
a	I-IDIOM
sheet	I-IDIOM
when	O
she	O
saw	O
the	O
ghost	O
The	O
candidate	O
presented	O
himself	O
as	O
whiter	O
than	B-IDIOM
white	I-IDIOM
,	I-IDIOM
but	O
he	O
had	O
secrets	O
Losing	O
my	O
job	O
was	O
terrible	O
,	O
but	O
every	B-IDIOM
cloud	I-IDIOM
has	I-IDIOM
a	I-IDIOM
silver	I-IDIOM
lining	I-IDIOM
My	O
grandmother	O
is	O
eighty	O
,	O
but	O
she	O
is	O
still	O
young	B-IDIOM
at	I-IDIOM
heart	I-IDIOM
You	O
sit	O
around	O
all	O
day	O
;	O
you	O
should	O
get	B-IDIOM
a	I-IDIOM
life	I-IDIOM
Great	O
shot	O
!	O
Give	B-IDIOM
me	I-IDIOM
five	I-IDIOM
God	B-IDIOM
forbid	I-IDIOM
anything	O
should	O
happen	O
to	O
them	O
God	B-IDIOM
knows	I-IDIOM
what	O
time	O
he	O
will	O
finally	O
arrive	O
The	O
1950s	O
are	O
often	O
considered	O
a	O
golden	B-IDIOM
age	I-IDIOM
for	O
American	O
cinema	O
We	O
finally	O
got	O
the	O
green	B-IDIOM
light	I-IDIOM
to	O
start	O
the	O
project	O
She	O
was	O
green	B-IDIOM
with	I-IDIOM
envy	I-IDIOM
when	O
she	O
saw	O
my	O
new	O
car	O
He	O
left	O
his	O
hometown	O
for	O
greener	B-IDIOM
pastures	I-IDIOM
in	O
the	O
city	O
I	O
just	O
need	O
to	O
pack	O
a	O
few	O
odds	B-IDIOM
and	I-IDIOM
ends	I-IDIOM
for	O
the	O
trip	O
We	O
found	O
a	O
wonderful	O
little	O
restaurant	O
off	B-IDIOM
the	I-IDIOM
beaten	I-IDIOM
track	I-IDIOM
He	O
started	O
his	O
business	O
on	B-IDIOM
a	I-IDIOM
shoestring	I-IDIOM
She	O
was	O
on	B-IDIOM
the	I-IDIOM
horns	I-IDIOM
of	I-IDIOM
a	I-IDIOM
dilemma	I-IDIOM
,	O
unable	O
to	O
decide	O
which	O
job	O
to	O
take	O
The	O
escaped	O
prisoner	O
has	O
been	O
on	B-IDIOM
the	I-IDIOM
run	I-IDIOM
for	O
three	O
days	O
My	O
sister	O
and	O
I	O
are	O
always	O
on	B-IDIOM
the	I-IDIOM
same	I-IDIOM
wavelength	I-IDIOM
A	O
new	O
peace	O
proposal	O
is	O
now	O
on	B-IDIOM
the	I-IDIOM
table	I-IDIOM
He	O
has	O
been	O
on	B-IDIOM
the	I-IDIOM
wagon	I-IDIOM
for	O
six	O
months	O
now	O
That	O
kind	O
of	O
opportunity	O
happens	O
once	B-IDIOM
in	I-IDIOM
a	I-IDIOM
blue	I-IDIOM
moon	I-IDIOM
The	O
news	O
of	O
her	O
promotion	O
came	O
completely	O
out	B-IDIOM
of	I-IDIOM
the	I-IDIOM
blue	I-IDIOM
He	O
's	O
a	O
bit	O
over	B-IDIOM
the	I-IDIOM
hill	I-IDIOM
to	O
be	O
playing	O
professional	O
football	O
The	O
company	O
used	O
a	B-IDIOM
carrot	I-IDIOM
and	I-IDIOM
stick	I-IDIOM
approach	O
to	O
motivate	O
employees	O
His	O
plans	O
to	O
become	O
a	O
millionaire	O
were	O
just	O
castles	B-IDIOM
in	I-IDIOM
the	I-IDIOM
air	I-IDIOM
The	O
journalist	O
was	O
caught	O
in	B-IDIOM
the	I-IDIOM
crossfire	I-IDIOM
between	I-IDIOM
the	O
two	O
warring	O
factions	O
Some	O
people	O
believe	O
that	O
charity	B-IDIOM
begins	I-IDIOM
at	I-IDIOM
home	I-IDIOM
His	O
critical	O
comments	O
about	O
my	O
town	O
hit	O
a	O
little	O
too	O
close	B-IDIOM
to	I-IDIOM
home	I-IDIOM
She	O
has	O
been	O
on	O
cloud	B-IDIOM
nine	I-IDIOM
since	I-IDIOM
she	O
got	O
the	O
job	O
We	O
will	O
finish	O
this	O
project	O
,	O
come	B-IDIOM
hell	I-IDIOM
or	I-IDIOM
high	I-IDIOM
water	I-IDIOM
I	O
'll	O
be	O
there	O
to	O
support	O
you	O
,	O
come	B-IDIOM
rain	I-IDIOM
or	I-IDIOM
shine	I-IDIOM
This	O
year's	O
graduates	O
are	O
the	O
cream	B-IDIOM
of	I-IDIOM
the	I-IDIOM
crop	I-IDIOM
I	O
know	O
you	O
want	O
to	O
know	O
,	O
but	O
curiosity	B-IDIOM
killed	I-IDIOM
the	I-IDIOM
cat	I-IDIOM
The	O
new	O
manager	O
is	O
a	O
breath	B-IDIOM
of	I-IDIOM
fresh	I-IDIOM
air	I-IDIOM
in	O
this	O
stuffy	O
office	O
The	O
doctor	O
gave	O
him	O
a	O
clean	B-IDIOM
bill	I-IDIOM
of	I-IDIOM
health	I-IDIOM
after	O
the	O
checkup	O
Retirement	O
gave	O
him	O
a	O
new	B-IDIOM
lease	I-IDIOM
of	I-IDIOM
life	I-IDIOM
At	O
that	O
low	O
price	O
,	O
the	O
car	O
was	O
a	B-IDIOM
steal	I-IDIOM
Switching	O
to	O
a	O
new	O
software	O
is	O
a	O
whole	B-IDIOM
new	I-IDIOM
ball	I-IDIOM
game	I-IDIOM
The	O
judge	O
was	O
known	O
to	O
be	O
completely	O
above	B-IDIOM
suspicion	I-IDIOM
He	O
thinks	O
his	O
wealth	O
means	O
he	O
is	O
above	B-IDIOM
the	I-IDIOM
law	I-IDIOM
His	O
pride	O
is	O
his	O
achilles	B-IDIOM
heel	I-IDIOM
The	O
insurance	O
company	O
claimed	O
the	O
earthquake	O
was	O
an	O
act	B-IDIOM
of	I-IDIOM
god	I-IDIOM
We	O
are	O
working	O
against	B-IDIOM
the	I-IDIOM
clock	I-IDIOM
to	O
meet	O
the	O
deadline	O
It	O
was	O
a	O
race	B-IDIOM
against	I-IDIOM
time	I-IDIOM
to	O
save	O
the	O
historic	O
building	O
Despite	O
the	O
accident	O
,	O
he	O
is	O
alive	B-IDIOM
and	I-IDIOM
kicking	I-IDIOM
I	O
love	O
swing	O
music	O
,	O
dancing	O
,	O
and	O
all	B-IDIOM
that	I-IDIOM
jazz	I-IDIOM
His	O
failure	O
made	O
me	O
want	O
to	O
succeed	O
all	B-IDIOM
the	I-IDIOM
more	I-IDIOM
The	O
plan	O
is	O
developing	O
along	B-IDIOM
the	I-IDIOM
lines	I-IDIOM
we	O
had	O
hoped	O
The	O
unprovoked	O
invasion	O
was	O
considered	O
an	B-IDIOM
act	I-IDIOM
of	I-IDIOM
war	I-IDIOM
A	O
new	O
car	O
like	O
that	O
would	O
cost	O
an	B-IDIOM
arm	I-IDIOM
and	I-IDIOM
a	I-IDIOM
leg	I-IDIOM
The	O
legal	O
system	O
is	O
based	O
on	O
an	O
eye	B-IDIOM
for	I-IDIOM
an	I-IDIOM
eye	I-IDIOM
The	O
rebels	O
were	O
armed	B-IDIOM
to	I-IDIOM
the	I-IDIOM
teeth	I-IDIOM
He	O
lost	O
all	O
his	O
money	O
and	O
is	O
now	O
as	B-IDIOM
poor	I-IDIOM
as	I-IDIOM
a	I-IDIOM
church	I-IDIOM
mouse	I-IDIOM
Help	O
is	O
at	B-IDIOM
hand	I-IDIOM
if	O
you	O
need	O
it	O
The	O
whole	O
office	O
was	O
at	B-IDIOM
sixes	I-IDIOM
and	I-IDIOM
sevens	I-IDIOM
after	O
the	O
merger	O
announcement	O
She	O
is	O
very	O
impulsive	O
and	O
will	O
leave	O
at	O
the	B-IDIOM
drop	I-IDIOM
of	I-IDIOM
a	I-IDIOM
hat	I-IDIOM
With	O
the	O
manager	O
on	O
vacation	O
,	O
I	O
am	O
at	B-IDIOM
the	I-IDIOM
wheel	I-IDIOM
My	O
grandparents	O
are	O
still	O
hale	B-IDIOM
and	I-IDIOM
hearty	I-IDIOM
in	O
their	O
eighties	O
He	O
fell	O
head	B-IDIOM
over	I-IDIOM
heels	I-IDIOM
for	O
her	O
the	O
moment	O
they	O
met	O
She	O
has	O
a	O
heart	B-IDIOM
of	I-IDIOM
gold	I-IDIOM
and	O
is	O
always	O
helping	O
others	O
How	B-IDIOM
come	I-IDIOM
you	O
are	O
so	O
late	O
today	O
He	O
is	O
a	O
jack	B-IDIOM
of	I-IDIOM
all	I-IDIOM
trades	I-IDIOM
but	O
a	O
master	O
of	O
none	O
I	O
'll	O
bring	O
an	O
umbrella	O
,	O
just	B-IDIOM
in	I-IDIOM
case	I-IDIOM
After	O
all	O
his	O
lies	O
,	O
he	O
finally	O
got	O
his	O
just	B-IDIOM
deserts	I-IDIOM
The	O
film	O
was	O
a	O
quirky	O
gender	B-IDIOM
bender	I-IDIOM
that	O
challenged	O
stereotypes	O
She	O
hit	O
the	O
glass	B-IDIOM
ceiling	I-IDIOM
in	O
her	O
career	O
and	O
couldn't	O
get	O
promoted	O
You	O
had	O
the	O
same	O
idea	O
as	O
me	O
,	O
great	B-IDIOM
minds	I-IDIOM
think	I-IDIOM
alike	I-IDIOM
I	O
had	O
a	O
gut	B-IDIOM
feeling	I-IDIOM
that	O
something	O
was	O
wrong	O
I	O
hate	O
the	O
hot	O
,	O
lazy	O
dog	B-IDIOM
days	I-IDIOM
of	O
August	O
She	O
was	O
tired	O
of	O
the	O
same	O
daily	B-IDIOM
grind	I-IDIOM
The	O
trial	O
focused	O
on	O
the	O
serious	O
charge	O
of	O
date	B-IDIOM
rape	I-IDIOM
They	O
say	O
he	O
is	O
a	O
dead	B-IDIOM
ringer	I-IDIOM
for	O
that	O
famous	O
actor	O
She	O
's	O
a	O
very	O
practical	O
and	O
down	B-IDIOM
to	I-IDIOM
earth	I-IDIOM
person	O
She	O
earned	O
a	O
little	O
pin	B-IDIOM
money	I-IDIOM
by	O
knitting	O
scarves	O
The	O
argument	O
is	O
not	O
about	O
the	O
cost	O
per	B-IDIOM
se	I-IDIOM
,	O
but	O
about	O
the	O
principle	O
She	O
is	O
a	O
talented	O
singer	O
with	O
perfect	B-IDIOM
pitch	I-IDIOM
His	O
dream	O
of	O
a	O
world	O
without	O
conflict	O
is	O
pie	B-IDIOM
in	I-IDIOM
the	I-IDIOM
sky	I-IDIOM
For	O
an	O
experienced	O
baker	O
,	O
this	O
recipe	O
is	O
a	O
piece	B-IDIOM
of	I-IDIOM
cake	I-IDIOM
He	O
'll	O
tidy	O
his	O
room	O
when	O
pigs	B-IDIOM
might	I-IDIOM
fly	I-IDIOM
You	O
'll	O
learn	O
the	O
violin	O
,	O
remember	O
that	O
practice	B-IDIOM
makes	I-IDIOM
perfect	I-IDIOM
I	O
know	O
it	O
's	O
hard	O
,	O
but	O
you	O
need	O
to	O
pull	B-IDIOM
yourself	I-IDIOM
together	I-IDIOM
Restoring	O
the	O
old	O
house	O
was	O
a	O
true	O
labour	B-IDIOM
of	I-IDIOM
love	I-IDIOM
He	O
found	O
out	O
later	O
in	O
life	O
that	O
he	O
was	O
a	O
love	B-IDIOM
child	I-IDIOM
Don	O
't	O
worry	O
about	O
the	O
mistake	O
,	O
just	O
live	B-IDIOM
and	I-IDIOM
learn	I-IDIOM
Last	B-IDIOM
but	I-IDIOM
not	I-IDIOM
least	I-IDIOM
,	O
I	O
'd	O
like	O
to	O
thank	O
my	O
family	O
Let	O
's	O
not	O
argue	O
about	O
the	O
past	O
and	O
instead	O
let	O
bygones	B-IDIOM
be	I-IDIOM
bygones	I-IDIOM
The	O
new	O
rules	O
aim	O
to	O
create	O
a	O
level	B-IDIOM
playing	I-IDIOM
field	I-IDIOM
for	O
all	O
companies	O
Changing	O
the	O
system	O
is	O
easier	B-IDIOM
said	I-IDIOM
than	I-IDIOM
done	I-IDIOM
Fixing	O
this	O
old	O
engine	O
will	O
require	O
a	O
lot	O
of	O
elbow	B-IDIOM
grease	I-IDIOM
The	O
report	O
documented	O
the	O
horrific	O
acts	O
of	O
ethnic	B-IDIOM
cleansing	I-IDIOM
I	O
will	O
be	O
there	O
to	O
support	O
you	O
,	O
come	B-IDIOM
what	I-IDIOM
may	I-IDIOM
Their	O
company	O
is	O
on	O
the	O
cutting	B-IDIOM
edge	I-IDIOM
of	O
technology	O
The	O
report	O
covers	O
the	O
entire	O
calendar	B-IDIOM
year	I-IDIOM
from	O
January	O
to	O
December	O
The	O
office	O
was	O
known	O
for	O
its	O
relaxed	O
canteen	B-IDIOM
culture	I-IDIOM
Let	O
's	O
just	O
enjoy	O
the	O
moment	O
and	O
carpe	B-IDIOM
diem	I-IDIOM
The	O
tiny	O
apartments	O
were	O
built	O
cheek	B-IDIOM
by	I-IDIOM
jowl	I-IDIOM
The	O
salary	O
they	O
offered	O
was	O
just	O
chicken	B-IDIOM
feed	I-IDIOM
The	O
car	O
crash	O
was	O
a	O
very	O
close	B-IDIOM
call	I-IDIOM
for	O
him	O
His	O
excuse	O
was	O
a	O
long	O
cock	B-IDIOM
and	I-IDIOM
bull	I-IDIOM
story	I-IDIOM
The	O
surprise	O
promotion	O
was	O
the	O
icing	B-IDIOM
on	I-IDIOM
the	I-IDIOM
cake	I-IDIOM
She	O
finished	O
her	O
work	O
in	B-IDIOM
a	I-IDIOM
trice	I-IDIOM
There	O
are	O
several	O
new	O
projects	O
in	B-IDIOM
the	I-IDIOM
pipeline	I-IDIOM
for	O
next	O
year	O
He	O
thinks	O
that	O
sometimes	O
ignorance	B-IDIOM
is	I-IDIOM
bliss	I-IDIOM
The	O
suspect	O
was	O
working	O
in	B-IDIOM
cahoots	I-IDIOM
with	I-IDIOM
the	O
security	O
guard	O
Our	O
plans	O
are	O
in	B-IDIOM
limbo	I-IDIOM
until	O
we	O
get	O
the	O
funding	O
He	O
said	O
some	O
things	O
in	B-IDIOM
the	I-IDIOM
heat	I-IDIOM
of	I-IDIOM
the	I-IDIOM
moment	I-IDIOM
that	O
he	O
later	O
regretted	O
The	O
police	O
suspected	O
that	O
the	O
robbery	O
was	O
an	O
inside	B-IDIOM
job	I-IDIOM
His	O
constant	O
tardiness	O
was	O
a	B-IDIOM
red	I-IDIOM
flag	I-IDIOM
for	O
the	O
manager	O
She	O
felt	O
like	O
an	B-IDIOM
ugly	I-IDIOM
duckling	I-IDIOM
in	O
her	O
glamorous	O
family	O
Losing	O
that	O
job	O
was	O
a	O
blessing	B-IDIOM
in	I-IDIOM
disguise	I-IDIOM
because	O
I	O
found	O
a	O
better	O
one	O
For	O
a	O
book	O
lover	O
,	O
a	O
world	O
without	O
books	O
is	O
a	B-IDIOM
fate	I-IDIOM
worse	I-IDIOM
than	I-IDIOM
death	I-IDIOM
He	O
felt	O
like	O
a	O
fish	B-IDIOM
out	I-IDIOM
of	I-IDIOM
water	I-IDIOM
at	O
the	O
formal	O
event	O
His	O
early	O
success	O
turned	O
out	O
to	O
be	O
just	O
a	O
flash	B-IDIOM
in	I-IDIOM
the	I-IDIOM
pan	I-IDIOM
I	O
would	O
love	O
to	O
have	O
been	O
a	B-IDIOM
fly	I-IDIOM
on	I-IDIOM
the	I-IDIOM
wall	I-IDIOM
during	O
that	O
meeting	O
This	O
internship	O
could	O
be	O
a	O
foot	B-IDIOM
in	I-IDIOM
the	I-IDIOM
door	I-IDIOM
for	O
a	O
great	O
career	O
His	O
explanation	O
was	O
clearly	O
a	B-IDIOM
load	I-IDIOM
of	I-IDIOM
cobblers	I-IDIOM
You	O
can	O
trust	O
him	O
with	O
the	O
project	O
,	O
he	O
's	O
a	O
safe	B-IDIOM
pair	I-IDIOM
of	I-IDIOM
hands	I-IDIOM
There	O
has	O
been	O
a	B-IDIOM
sea	I-IDIOM
change	I-IDIOM
in	O
attitudes	O
towards	O
the	O
environment	O
The	O
new	O
funding	O
was	O
a	O
shot	B-IDIOM
in	I-IDIOM
the	I-IDIOM
arm	I-IDIOM
for	O
the	O
struggling	O
company	O
After	O
weeks	O
in	O
the	O
desert	O
,	O
a	O
cool	O
drink	O
was	O
a	B-IDIOM
sight	I-IDIOM
for	I-IDIOM
sore	I-IDIOM
eyes	I-IDIOM
He	O
only	O
got	O
a	O
slap	B-IDIOM
on	I-IDIOM
the	I-IDIOM
wrist	I-IDIOM
for	O
his	O
mistake	O
The	O
neglected	O
garden	O
was	O
a	B-IDIOM
sorry	I-IDIOM
sight	I-IDIOM
Their	O
argument	O
was	O
just	O
a	O
storm	B-IDIOM
in	I-IDIOM
a	I-IDIOM
teacup	I-IDIOM
The	O
general	O
ordered	O
his	O
troops	O
to	O
do	O
an	O
about	B-IDIOM
face	I-IDIOM
They	O
say	O
absence	B-IDIOM
makes	I-IDIOM
the	I-IDIOM
heart	I-IDIOM
grow	I-IDIOM
fonder	I-IDIOM
,	O
but	O
I	O
miss	O
you	O
The	O
pay	O
cuts	O
were	O
implemented	O
across	B-IDIOM
the	I-IDIOM
board	I-IDIOM
Don	O
't	O
just	O
promise	O
,	O
remember	O
actions	B-IDIOM
speak	I-IDIOM
louder	I-IDIOM
than	I-IDIOM
words	I-IDIOM
We	O
had	O
dinner	O
al	B-IDIOM
fresco	I-IDIOM
on	O
the	O
patio	O
All	B-IDIOM
in	I-IDIOM
all	I-IDIOM
,	O
it	O
was	O
a	O
very	O
successful	O
event	O
Are	O
you	O
all	B-IDIOM
set	I-IDIOM
for	O
the	O
big	O
trip	O
tomorrow	O
He	O
supported	B-IDIOM
her	I-IDIOM
all	I-IDIOM
the	O
way	O
through	O
her	O
difficult	O
recovery	O
I	O
tried	O
to	O
fix	O
the	O
watch	O
,	O
but	O
I'm	O
all	B-IDIOM
thumbs	I-IDIOM
Let	O
's	O
sing	O
the	O
chorus	O
now	O
,	O
all	B-IDIOM
together	I-IDIOM
now	I-IDIOM
The	O
government	O
report	O
was	O
a	O
confusing	O
alphabet	B-IDIOM
soup	I-IDIOM
of	O
acronyms	O
After	O
the	O
party	O
,	O
he	O
was	O
as	B-IDIOM
high	I-IDIOM
as	I-IDIOM
a	I-IDIOM
kite	I-IDIOM
We	O
need	O
to	O
finish	O
this	O
today	O
,	O
so	O
make	B-IDIOM
hay	I-IDIOM
while	I-IDIOM
the	I-IDIOM
sun	I-IDIOM
shines	I-IDIOM
We	O
wish	O
you	O
many	B-IDIOM
happy	I-IDIOM
returns	I-IDIOM
on	O
your	O
birthday	O
The	O
politician	O
issued	O
a	O
statement	O
of	O
mea	B-IDIOM
culpa	I-IDIOM
for	O
his	O
error	O
His	O
speech	O
was	O
just	O
a	O
lot	O
of	O
mumbo	B-IDIOM
jumbo	I-IDIOM
They	O
are	O
saving	O
money	O
to	O
build	O
a	O
nest	B-IDIOM
egg	I-IDIOM
for	O
retirement	O
He	O
lives	O
in	O
a	O
fantasy	O
world	O
,	O
a	O
real	B-IDIOM
never-never	I-IDIOM
land	I-IDIOM
Let's	O
get	O
down	O
to	O
the	O
nitty	B-IDIOM
gritty	I-IDIOM
of	O
the	O
contract	O
Take	O
your	O
time	O
,	O
there	O
's	O
no	B-IDIOM
rush	I-IDIOM
The	O
loan	O
was	O
offered	O
with	O
no	B-IDIOM
strings	I-IDIOM
attached	I-IDIOM
The	O
new	O
policy	O
affects	O
everyone	O
,	O
from	O
north	B-IDIOM
and	I-IDIOM
south	I-IDIOM
He's	O
a	O
bit	O
strange	O
,	O
perhaps	O
a	O
little	O
not	B-IDIOM
all	I-IDIOM
there	I-IDIOM
We	O
see	O
each	O
other	O
every	O
now	B-IDIOM
and	I-IDIOM
then	I-IDIOM
for	O
coffee	O
Let	O
's	O
discuss	O
the	O
nuts	B-IDIOM
and	I-IDIOM
bolts	I-IDIOM
of	O
the	O
plan	O
She	O
lived	O
a	O
carefree	O
and	O
fancy	B-IDIOM
free	I-IDIOM
life	O
He	O
became	O
filthy	B-IDIOM
rich	I-IDIOM
after	O
inventing	O
the	O
new	O
gadget	O
In	O
the	O
small	O
town	O
,	O
familiarity	B-IDIOM
breeds	I-IDIOM
contempt	I-IDIOM
You	O
don	O
't	O
want	O
to	O
come	O
?	O
Fair	B-IDIOM
enough	I-IDIOM
,	O
I	O
'll	O
go	O
alone	O
The	O
reporters	O
engaged	O
in	O
a	O
feeding	B-IDIOM
frenzy	I-IDIOM
over	O
the	O
scandal	O
She	O
was	O
the	O
first	B-IDIOM
among	I-IDIOM
equals	I-IDIOM
in	O
the	O
research	O
team	O
Tickets	O
will	O
be	O
sold	O
on	O
a	B-IDIOM
first	I-IDIOM
come	I-IDIOM
first	I-IDIOM
served	I-IDIOM
basis	O
He	O
exercises	O
every	O
day	O
and	O
is	O
fit	B-IDIOM
as	I-IDIOM
a	I-IDIOM
fiddle	I-IDIOM
I	O
love	O
searching	O
for	O
bargains	O
at	O
the	O
local	O
flea	B-IDIOM
market	I-IDIOM
You	O
can	O
't	O
choose	O
your	O
family	O
,	O
they	O
are	O
your	O
flesh	B-IDIOM
and	I-IDIOM
blood	I-IDIOM
We	O
salvaged	O
the	O
flotsam	B-IDIOM
and	I-IDIOM
jetsam	I-IDIOM
that	O
washed	O
ashore	O
These	O
principles	O
are	O
the	O
building	B-IDIOM
blocks	I-IDIOM
of	O
our	O
society	O
The	O
first	O
prototype	O
failed	O
,	O
so	O
it	O
's	O
back	B-IDIOM
to	I-IDIOM
the	I-IDIOM
drawing	I-IDIOM
board	I-IDIOM
Don	O
't	O
be	O
selfish	O
,	O
be	B-IDIOM
a	I-IDIOM
sport	I-IDIOM
and	O
let	O
him	O
play	O
The	O
teacher	O
told	O
the	O
naughty	O
child	O
to	O
behave	B-IDIOM
yourself	I-IDIOM
Your	O
apology	O
is	O
late	O
,	O
but	O
better	B-IDIOM
late	I-IDIOM
than	I-IDIOM
never	I-IDIOM
Her	O
loyalty	O
is	O
beyond	B-IDIOM
price	I-IDIOM
The	O
pub's	O
name	O
was	O
the	O
Bottle	B-IDIOM
and	I-IDIOM
Glass	I-IDIOM
Let	O
's	O
get	O
down	O
to	O
brass	B-IDIOM
tacks	I-IDIOM
and	O
talk	O
about	O
the	O
cost	O
Good	O
luck	O
in	O
your	O
performance	O
tonight	O
,	O
break	B-IDIOM
a	I-IDIOM
leg	I-IDIOM
They	O
invested	O
their	O
savings	O
in	O
bricks	B-IDIOM
and	I-IDIOM
mortar	I-IDIOM
Despite	O
the	O
crisis	O
,	O
it	O
was	O
business	B-IDIOM
as	I-IDIOM
usual	I-IDIOM
at	O
the	O
office	O
By	B-IDIOM
and	I-IDIOM
large	I-IDIOM
,	O
the	O
event	O
was	O
a	O
great	O
success	O
The	O
government	O
did	O
a	O
complete	O
volte	B-IDIOM
face	I-IDIOM
on	O
the	O
policy	O
That	O
style	O
of	O
music	O
is	O
really	O
old	B-IDIOM
hat	I-IDIOM
now	O
Their	O
marriage	O
is	O
on	B-IDIOM
the	I-IDIOM
rocks	I-IDIOM
Thanks	O
to	O
your	O
help	O
,	O
I	O
'm	O
off	B-IDIOM
the	I-IDIOM
hook	I-IDIOM
for	O
my	O
mistake	O
This	O
conversation	O
is	O
strictly	O
off	B-IDIOM
the	I-IDIOM
record	I-IDIOM
She	O
was	O
on	B-IDIOM
cloud	I-IDIOM
nine	I-IDIOM
after	O
winning	O
the	O
award	O
He	O
's	O
really	O
on	O
the	B-IDIOM
ball	I-IDIOM
and	I-IDIOM
never	O
misses	O
a	O
detail	O
She	O
's	O
still	O
on	B-IDIOM
the	I-IDIOM
fence	I-IDIOM
about	O
which	O
university	O
to	O
choose	O
He	O
agreed	O
to	O
be	O
interviewed	O
on	B-IDIOM
the	I-IDIOM
record	I-IDIOM
We	O
need	O
to	O
ensure	O
everyone	O
is	O
on	B-IDIOM
the	I-IDIOM
same	I-IDIOM
page	I-IDIOM
You	O
're	O
on	B-IDIOM
thin	I-IDIOM
ice	I-IDIOM
after	O
that	O
last	O
mistake	O
The	O
two	O
companies	O
have	O
declared	O
open	B-IDIOM
warfare	I-IDIOM
He	O
disappeared	O
and	O
was	O
out	B-IDIOM
of	I-IDIOM
sight	I-IDIOM
for	O
years	O
The	O
view	O
from	O
the	O
mountaintop	O
was	O
out	B-IDIOM
of	I-IDIOM
this	I-IDIOM
world	I-IDIOM
They	O
went	O
out	B-IDIOM
on	I-IDIOM
the	I-IDIOM
town	I-IDIOM
to	O
celebrate	O
their	O
anniversary	O
His	O
reaction	O
to	O
the	O
news	O
was	O
completely	O
over	B-IDIOM
the	I-IDIOM
top	I-IDIOM
We	O
need	O
to	O
find	O
a	O
way	B-IDIOM
around	I-IDIOM
this	O
problem	O
She	O
is	O
very	O
well	B-IDIOM
read	I-IDIOM
and	O
knows	O
a	O
lot	O
about	O
history	O
After	O
that	O
scandal	O
,	O
his	O
political	O
career	O
is	O
washed	B-IDIOM
up	I-IDIOM
Don	O
't	O
worry	O
about	O
that	O
old	O
argument	O
,	O
it	O
's	O
water	B-IDIOM
under	I-IDIOM
the	I-IDIOM
bridge	I-IDIOM
The	O
art	O
gallery	O
was	O
criticized	O
for	O
displaying	O
paintings	O
of	O
well	B-IDIOM
hung	I-IDIOM
men	O
He	O
's	O
just	O
a	O
rookie	O
and	O
still	O
wet	B-IDIOM
behind	I-IDIOM
the	I-IDIOM
ears	I-IDIOM
The	O
story	O
he	O
told	O
was	O
a	O
bit	O
wild	B-IDIOM
and	I-IDIOM
woolly	I-IDIOM
Hoping	O
to	O
win	O
the	O
lottery	O
is	O
just	O
wishful	B-IDIOM
thinking	I-IDIOM
He	O
copied	O
the	O
text	O
word	B-IDIOM
for	I-IDIOM
word	I-IDIOM
She	O
was	O
hell	B-IDIOM
bent	I-IDIOM
on	O
getting	O
her	O
revenge	O
He	O
's	O
very	B-IDIOM
high	I-IDIOM
and	I-IDIOM
mighty	I-IDIOM
since	O
his	O
promotion	O
The	O
hotels	O
are	O
all	O
full	O
during	O
the	O
high	B-IDIOM
season	I-IDIOM
The	O
magician	O
's	O
trick	O
was	O
just	O
hocus	B-IDIOM
pocus	I-IDIOM
Can	O
you	O
hold	B-IDIOM
on	I-IDIOM
a	I-IDIOM
second	I-IDIOM
while	O
I	O
find	O
the	O
file	O
Don	O
't	O
rush	O
into	O
it	O
,	O
hold	B-IDIOM
your	I-IDIOM
horses	I-IDIOM
Finding	O
a	O
cure	O
for	O
cancer	O
is	O
the	B-IDIOM
holy	I-IDIOM
grail	I-IDIOM
of	O
medical	O
research	O
The	O
wealthy	O
elite	O
are	O
often	O
called	O
the	B-IDIOM
upper	I-IDIOM
crust	I-IDIOM
Technically	B-IDIOM
speaking	I-IDIOM
,	O
a	O
tomato	O
is	O
a	O
fruit	O
,	O
not	O
a	O
vegetable	O
Thank	B-IDIOM
goodness	I-IDIOM
you	O
arrived	O
safely	O
The	O
final	O
exam	O
will	O
be	O
the	B-IDIOM
acid	I-IDIOM
test	I-IDIOM
of	O
your	O
knowledge	O
Working	O
from	O
home	O
offers	O
the	B-IDIOM
best	I-IDIOM
of	I-IDIOM
both	I-IDIOM
worlds	I-IDIOM
His	O
rude	O
comment	O
was	O
the	B-IDIOM
last	I-IDIOM
straw	I-IDIOM
I	O
failed	O
twice	O
,	O
but	O
maybe	O
third	B-IDIOM
time	I-IDIOM
lucky	I-IDIOM
They	O
have	O
been	O
friends	O
through	B-IDIOM
thick	I-IDIOM
and	I-IDIOM
thin	I-IDIOM
His	O
compliment	O
was	O
clearly	O
tongue	B-IDIOM
in	I-IDIOM
cheek	I-IDIOM
Her	O
performance	O
in	O
the	O
play	O
was	O
a	O
real	O
tour	B-IDIOM
de	I-IDIOM
force	I-IDIOM
He	O
jokingly	O
referred	O
to	O
his	O
wife	O
as	O
his	O
trouble	B-IDIOM
and	I-IDIOM
strife	I-IDIOM
She	O
decided	O
to	O
leave	O
the	O
rat	B-IDIOM
race	I-IDIOM
and	O
move	O
to	O
the	O
country	O
Her	O
cheerful	O
daughter	O
is	O
a	O
ray	B-IDIOM
of	I-IDIOM
sunshine	I-IDIOM
in	O
her	O
life	O
The	O
day	O
they	O
got	O
married	O
was	O
a	O
real	O
red	B-IDIOM
letter	I-IDIOM
day	I-IDIOM
You	O
look	O
tired	O
,	O
you	O
should	O
go	O
rest	B-IDIOM
up	I-IDIOM
The	O
government	O
is	O
ring	B-IDIOM
fencing	I-IDIOM
the	O
funds	O
for	O
education	O
He	O
works	O
round	B-IDIOM
the	I-IDIOM
clock	I-IDIOM
to	O
support	O
his	O
family	O
As	O
a	O
rule	B-IDIOM
of	I-IDIOM
thumb	I-IDIOM
,	O
you	O
should	O
add	O
salt	O
at	O
the	O
end	O
The	O
team	O
needs	O
some	O
young	B-IDIOM
blood	I-IDIOM
to	O
energize	O
it	O
Are	O
you	O
coming	O
to	O
the	O
party	O
?	O
You	B-IDIOM
bet	I-IDIOM
He	O
remembered	O
the	O
salad	B-IDIOM
days	I-IDIOM
of	O
his	O
youth	O
fondly	O
The	O
instructions	O
were	O
self	B-IDIOM
explanatory	I-IDIOM
and	O
easy	O
to	O
follow	O
Look	O
for	O
the	O
silver	B-IDIOM
lining	I-IDIOM
in	O
every	O
difficult	O
situation	O
There	O
is	O
no	O
silver	B-IDIOM
bullet	I-IDIOM
to	O
solve	O
this	O
complex	O
issue	O
She	O
had	O
a	O
sixth	B-IDIOM
sense	I-IDIOM
that	O
something	O
bad	O
was	O
about	O
to	O
happen	O
After	O
losing	O
his	O
job	O
,	O
he	O
ended	O
up	O
on	O
skid	B-IDIOM
row	I-IDIOM
I	O
am	O
completely	O
snowed	B-IDIOM
under	I-IDIOM
with	O
work	O
this	O
week	O
How	O
is	O
the	O
project	O
going	O
?	O
So	B-IDIOM
far	I-IDIOM
so	I-IDIOM
good	I-IDIOM
Well	O
I	O
'll	O
be	O
,	O
you	O
old	O
son	B-IDIOM
of	I-IDIOM
a	I-IDIOM
gun	I-IDIOM
We	O
will	O
have	O
to	O
make	O
a	O
decision	O
sooner	B-IDIOM
or	I-IDIOM
later	I-IDIOM
I	O
didn	O
't	O
expect	O
him	O
to	O
win	O
,	O
but	O
stranger	B-IDIOM
things	I-IDIOM
have	I-IDIOM
happened	I-IDIOM
The	O
old	O
medicine	O
tasted	O
like	O
syrup	B-IDIOM
of	I-IDIOM
figs	I-IDIOM
It	O
is	O
important	O
to	O
spend	O
quality	B-IDIOM
time	I-IDIOM
with	O
your	O
family	O
